Cow,Lact,dim_mean,milk_mean,milk_sd,clinical
1,6,7.5,109.55,16.3,0
2,3,79.56,110.43,12.96,1
3,3,57,119.11,13.61,0
4,3,63,131.39,12.28,1
5,3,55.76,116.93,15.63,0
6,3,58.2,105.35,10.79,1
7,3,112.5,104.34,9.28,1
8,3,77.5,120.19,17.38,0
9,3,16,119.09,13.75,1
10,3,37.5,128.04,14.33,1
11,3,71,112.72,14.81,0
12,3,57.5,126.22,13.17,0
13,3,77.5,148.53,17.07,1
14,3,76.54,109.57,19.12,0
15,3,37,154.28,11.76,1
16,3,72.82,125.1,14.07,0
17,3,39.5,131.43,14.08,0
18,3,35,120.31,12.34,0
19,3,60.3,125.76,12.87,0
20,3,77.89,112.94,15.58,0
21,4,64.5,162.32,19.31,0
22,3,22,84.12,17.13,0
23,3,102.5,137.18,16.11,0
24,3,27,117.35,14.2,1
25,3,53,119.61,12.04,0
26,3,53,126.6,13.68,1
27,3,29,126.7,14.75,0
28,3,70.04,122.27,15.49,1
29,3,19.5,118.8,25.4,0
30,3,61,115.24,12.7,1
31,3,69.61,122.4,18.36,1
32,3,50,128.63,13.7,1
33,3,68.6,111.74,13.89,0
34,3,81.64,120.91,11.48,0
35,3,84.16,136.46,13.84,0
36,3,74.71,127.81,15.49,1
37,3,44.95,122.75,14.8,1
38,3,32,146.47,16.45,0
39,3,75.5,127.33,13.45,0
40,3,49,127.44,15.58,1
41,2,154,113.95,21.71,0
42,3,67.72,112.99,14.99,0
43,3,53,131.92,15.97,1
44,3,16,129,6.25,0
45,3,85.13,113.3,20.66,0
46,3,91.65,125.21,14.31,1
47,3,58.7,110.49,12.87,1
48,3,55,123.11,14.38,0
49,3,46.5,115.45,13.69,0
50,3,58,120.71,12.63,1
51,3,69.7,101.94,13.59,0
52,4,62.5,155.14,18.96,0
53,3,51,141.27,16.7,1
54,4,44.5,60.24,4.35,0
55,3,68,98.79,11.25,0
56,2,158.24,116.92,19.78,0
57,10,65.5,83.86,14.6,1
58,3,57.5,120.42,14.24,0
59,3,153.07,96.22,19.53,1
60,3,43.99,137.56,15.46,0
61,3,58,141.96,15.57,0
62,3,44.97,124.15,14.65,0
63,3,49.5,140,15.9,1
64,3,47.5,127.6,15.73,0
65,3,24.5,145.24,13.65,0
66,3,43.26,133.15,31.46,0
67,3,56.79,129.28,12.83,0
68,2,163.42,117.92,26.31,0
69,3,123.79,115.5,15.67,1
70,3,13.5,102.09,9.4,0
71,2,89.08,102.52,13.82,1
72,2,130.3,102.68,19.66,0
73,3,20,126.26,11.21,0
74,3,39,117.65,12.12,0
75,3,46,130.92,16.45,0
76,3,40.5,135.3,13.27,0
77,3,39,131.71,17.58,1
78,4,61.04,151.16,15.22,0
79,3,65.5,124.39,9.73,0
80,3,26.5,146.91,12.96,1
81,3,49.43,141.15,17.71,0
82,3,42.5,147.29,15.89,1
83,3,41.5,116.07,17.61,0
84,3,66.29,69.63,6.7,0
85,4,37,136.16,12.48,1
86,3,33.5,57.7,NA,1
87,3,13,118.57,13.34,1
88,2,157.71,119.25,15.37,0
89,3,37.5,144.62,14.92,0
90,3,21,121.51,17.75,0
91,2,163.95,106.42,16.96,0
92,3,100,117.3,19.54,0
93,3,36.5,136.35,16.89,0
94,3,41,146.55,16.32,0
95,3,42,127.28,12.71,0
96,3,38,140.57,13.97,0
97,4,11.5,99.62,12.03,1
98,3,9,129.19,9.43,0
99,3,11,110.39,9.06,1
100,4,22.5,117.57,12.28,0
101,3,22.5,138.05,15.23,0
102,2,145.01,129.47,28.42,0
103,3,19,124.85,13.25,0
104,2,170.25,110.82,20.86,0
105,2,152.43,116.64,34.4,0
106,2,130.16,125.66,25.2,1
107,2,110.66,117.17,14.58,1
108,2,140.28,127.06,19.28,0
109,2,114,109.04,17.54,1
110,2,110.39,92.29,13.62,0
111,3,23,132.02,18.25,0
112,2,123.33,123.83,14.15,1
113,3,15.5,158.72,12.02,1
114,2,133.63,120.73,15.94,1
115,3,28,143.4,21.47,0
116,2,129,126.18,26.88,0
117,3,114.27,141.55,19,0
118,2,127.86,115.53,15.31,1
119,2,167.1,90.73,16.24,0
120,2,155.5,113.06,21.62,0
121,2,136.36,113.3,18.3,0
122,2,138.56,104.63,15.98,1
123,3,18,156.06,15.77,0
124,2,133.09,105.54,22.14,1
125,2,112.14,119.69,23.04,0
126,2,128.72,111.58,19.06,1
127,3,38,126.03,15.75,0
128,3,19.5,144.33,16.27,0
129,2,136.57,116.87,28.94,1
130,2,102,129.91,21.16,1
131,2,99,110.44,17.87,1
132,4,63,115.58,16.55,1
133,3,21.5,118.39,13.85,0
134,2,132.62,118.35,17,1
135,2,118.43,127.26,16.4,1
136,2,94.5,139.17,15.6,0
137,2,36,62.99,11.2,0
138,2,164.95,92.73,27.79,0
139,2,145.01,114.13,16.87,0
140,2,193.5,117.72,8.87,1
141,2,147.23,102.73,18.5,0
142,2,148.24,123.82,23.35,0
143,2,159.61,122.12,18.55,0
144,4,39,151.04,19.96,0
145,2,143.82,113.53,27.66,1
146,2,124.64,123.99,17.06,1
147,2,149.97,110.25,19.81,0
148,2,168.69,104.66,19.95,0
149,2,153.5,106.82,17.05,0
150,2,129,114.99,32.48,0
151,2,189,94.1,23.8,0
152,2,150.02,105.7,20.47,0
153,2,134.29,114.9,19.9,0
154,2,95,108.17,17.43,0
155,2,115.31,134.16,20.15,1
156,2,124.14,124.66,16.52,1
157,2,99.42,144.17,23.62,1
158,2,106.25,114.12,21.87,1
159,2,144.77,130.19,15.45,0
160,2,163.4,112.61,23.75,0
161,2,131.04,143.73,18.32,1
162,2,153.79,105.11,17.46,0
163,2,152.92,116.85,22.68,0
164,2,67.03,118.68,13.96,1
165,2,131.79,140.62,24.78,0
166,2,153.45,119.48,16.35,0
167,2,128.56,121.95,30.68,0
168,2,144,98.38,17.27,1
169,2,131.83,114.07,15.93,1
170,2,115.89,108.37,14.85,1
171,2,165.5,88.26,19.72,0
172,2,142.81,139.4,17.33,0
173,2,95.13,92.48,17.92,0
174,2,138.62,113.05,15.13,1
175,2,116.38,131.05,16.03,0
176,2,140.78,125.3,20.93,0
177,2,160.36,112.78,15.62,0
178,2,121.01,106.16,13.52,1
179,2,144.03,106.47,15.35,1
180,2,119.34,132.43,14.8,1
181,2,116.17,135.52,17.78,1
182,2,130.05,120.58,16.33,1
183,2,102.46,106.49,12.9,0
184,2,112,136.52,17.36,0
185,2,143.27,92.25,16.8,1
186,2,101.14,91.31,15.22,0
187,2,134.58,113.81,17.14,0
188,2,141.4,121.34,15.26,0
189,2,69.67,119.56,15.75,1
190,2,73.24,126.66,23.32,0
191,2,68.07,117.02,16.35,0
192,2,157.88,95.32,21.03,0
193,2,147.5,90.92,18.21,0
194,2,87.5,115.96,16.21,1
195,2,146.76,95.3,15.31,0
196,2,157.99,92.61,14.4,0
197,2,115.31,116.87,17.26,1
198,2,110.62,99.38,13.96,0
199,2,129.86,98.45,19.17,0
200,2,132.9,111.61,16.27,1
201,2,121.83,119.05,15.69,0
202,2,131.38,117.29,17.68,0
203,2,101.94,115.35,16.35,1
204,2,132.85,111.06,20.68,1
205,2,98.5,84.26,11.31,1
206,2,160.3,97.21,14.61,0
207,2,108.42,124.19,14.67,0
208,2,128.61,108.75,17.43,0
209,2,174.06,119.85,18.9,0
210,2,131,89.08,25.34,0
211,2,109.72,122.43,19.13,0
212,2,142.4,109.45,18.15,0
213,2,142.33,92.64,14.11,1
214,2,144.52,101.57,18.61,1
215,2,119.12,120.38,15.93,0
216,2,127.36,114.53,16.09,1
217,2,121.32,114.17,17.04,1
218,2,69.5,119.9,15.97,0
219,2,126.07,123.44,21.27,0
220,2,100,121.92,17.53,1
221,2,129.53,106.37,15.3,0
222,2,136.67,127.39,17.81,0
223,2,145.06,112.8,14.92,0
224,2,66.92,128.06,21.77,0
225,2,49.3,122.63,15.3,0
226,2,111.9,103.18,16.07,1
227,2,130.98,98.86,14.32,1
228,2,128.26,107.47,14.22,0
229,2,127.36,124.97,16.56,1
230,2,129.2,115.78,14.76,1
231,2,103.5,73.78,10.3,0
232,2,118.74,110.36,14.29,0
233,2,107.5,102.01,17.6,0
234,2,84.5,109.1,13.76,1
235,2,136.28,112.06,20.48,0
236,2,131.79,92.91,14.4,0
237,2,93,91.24,11.1,0
238,2,129.81,116.71,18.85,0
239,2,100.5,129.78,16.41,0
240,2,130.8,98.26,14.97,0
241,2,133.92,95.91,16.94,1
242,2,129.85,120.84,18.35,0
243,2,123.37,97.19,16.48,1
244,2,134.63,120.94,22.2,0
245,2,117.17,110.99,15.1,0
246,2,134.29,141.61,21.01,1
247,2,133.29,94.64,13.01,0
248,2,91,125.08,15.14,0
249,2,9,100.34,8.67,0
250,2,120.34,110.05,14.64,1
251,4,15,120.55,9.23,1
252,2,122,79.65,13.26,0
253,2,80.74,107.38,10.36,0
254,2,97.41,101.75,16.24,0
255,2,111.92,96.2,13.69,1
256,2,115.93,114.76,15.07,0
257,2,118.37,100.76,11.69,1
258,2,110.95,101.76,12.18,1
259,2,58.7,84.24,9.79,1
260,2,128.84,93.93,29.05,1
261,2,64.5,73.9,13.04,0
262,2,116.77,109.78,14.34,1
263,2,124.64,110.76,11.46,0
264,2,93.86,129.45,16.64,0
265,2,106.33,125.03,22.84,0
266,2,104.5,100.56,14.06,1
267,2,31.02,89.57,7.86,1
268,2,129.9,67.64,14.32,0
269,2,98.5,119.8,22.14,1
270,2,71.57,105.84,13.65,0
271,2,91.5,106.55,11.41,0
272,2,122.65,131.42,19.3,1
273,2,89.96,119.93,22.41,0
274,2,59.65,117.42,12.81,0
275,2,68.62,118.25,22.93,0
276,2,119.53,114.88,15.78,1
277,2,26.5,110.85,21.35,0
278,2,80.16,125.17,15.06,0
279,2,107,107.73,19.58,1
280,4,59.69,99.28,13.36,0
281,2,58.06,136.81,18.65,0
282,2,66,136.5,13.68,1
283,2,50.45,99.02,13.07,0
284,2,118.67,106.86,14.43,1
285,2,74.19,112.8,14.79,0
286,2,71.5,101.89,12.01,0
287,4,22.5,135.22,24.42,1
288,2,114.85,100.76,14.21,1
289,2,57.44,107.98,10.33,0
290,2,57,143.65,14.58,1
291,2,65.29,129.6,17.36,0
292,2,83.16,142.01,18.7,1
293,2,88.5,101.65,14.69,0
294,2,85.62,108.17,16.14,0
295,2,118.83,107.64,15.47,0
296,2,48.88,104.13,9.57,0
297,2,86.55,146.56,16.62,0
298,2,80.5,120.6,15.12,1
299,2,102,133.61,20.01,0
300,2,59.68,84.46,12.14,0
301,2,98,100.06,19.1,1
302,2,94.93,134.28,17.56,1
303,2,96.8,127.62,22.35,1
304,2,111.5,88.79,12.49,1
305,2,98.5,138.67,15.87,1
306,2,118.53,107.48,18.27,1
307,2,112.71,113.07,14.18,1
308,2,74,120.61,16.54,1
309,2,110.86,114.87,18.28,1
310,2,119.92,92.31,14.4,1
311,2,101.46,117.6,16.64,1
312,2,77.54,127.62,20.47,1
313,2,106.5,114.06,14.3,1
314,2,105.74,104.75,20.18,0
315,2,55.53,112.88,16.73,0
316,2,104.07,121.14,17.98,0
317,2,110.5,97.6,13.77,0
318,2,52.5,145.69,16.93,1
319,2,12,103.48,9.88,0
320,2,86.5,114.08,15.8,1
321,2,128,111.32,15.15,1
322,2,49.5,120.87,12.61,0
323,2,69.65,137.23,15.74,0
324,2,106,115.49,20.02,1
325,2,86.63,116.98,14.5,0
326,2,65.5,108.84,11.67,1
327,2,88.32,107.43,11.16,0
328,2,77,111.76,12.77,0
329,2,96,107.62,21.67,0
330,2,8.5,111.58,11.8,0
331,2,11.5,99.17,9.88,0
332,2,60.18,109.4,20.11,1
333,2,105.26,106.77,25.98,0
334,2,87,115.9,12.88,0
335,2,76.39,97.56,15.26,0
336,2,111,114.3,14.94,0
337,2,71.61,118.16,13.6,0
338,2,96,90.29,16.8,1
339,2,100,100.69,12.62,0
340,2,60.11,104.72,11.41,1
341,2,115.38,99.6,11.48,0
342,2,68.5,105.13,14.51,0
343,2,101.31,107.18,10.78,0
344,2,90,132.13,16.05,0
345,2,80.04,95.78,12.04,0
346,2,95.84,98.18,17.6,1
347,2,98.32,113.51,21.01,1
348,2,15.5,113.97,15.4,0
349,3,118,120.68,24.05,0
350,2,93.5,102.22,13.57,1
351,2,107.87,108.4,17.37,0
352,2,50,116.48,14.71,1
353,2,90.89,119.82,16.08,0
354,2,70.27,120.58,17.64,0
355,2,82.99,103.58,9.42,1
356,2,86.95,91.56,18.49,0
357,2,80,86.11,12.03,0
358,2,35.5,105.06,17.43,1
359,2,36.5,113.76,14.48,1
360,2,79.88,117.35,12.02,0
361,4,40,152.4,18.07,0
362,2,61.5,103.31,11.68,0
363,2,97.41,81.72,15.43,0
364,2,96,138.53,18.94,0
365,2,62.65,114.32,12.56,0
366,2,95,110.82,11.03,0
367,2,35.5,116.7,12.84,0
368,2,93.93,98.26,9.37,1
369,2,12,131.96,7.97,0
370,2,98.95,102.22,12.42,0
371,2,13,121.74,11.45,0
372,2,56.5,126.82,11.11,1
373,2,79.51,75.95,9.08,0
374,4,11,110.2,12.62,1
375,4,51.5,129.81,18.3,1
376,3,137.2,120.29,19.61,1
377,3,127.5,127.17,20.9,1
378,4,12.5,105.09,11.79,1
379,3,159.86,127.5,25.29,0
380,4,9,109.54,6.57,0
381,4,27,169.38,24.88,0
382,4,47,143.5,16.17,0
383,3,143.53,118.15,19.42,0
384,3,170.18,115.37,25.36,0
385,4,32,134.5,16.07,1
386,4,11.5,101.52,13.42,1
387,2,17,108,10.75,0
388,2,12.5,104.17,13.67,0
389,2,85.57,120.68,16.18,1
390,2,80.16,115.66,15.55,0
391,2,47.94,109.85,11.8,0
392,2,77.68,90.87,12.61,0
393,2,97.74,96.27,18.99,1
394,2,10,95.67,5.27,1
395,2,80.18,107.83,14.93,1
396,2,19.5,124.58,14.31,1
397,2,102,85.59,11.58,1
398,2,12.5,107.25,13.48,0
399,2,65.5,119.35,12.54,1
400,2,78.67,129.9,23.98,0
401,2,32.5,128.42,11.28,0
402,2,66.31,106.2,11.57,1
403,2,53.37,126.63,12.02,0
404,2,85.47,126.44,17.42,1
405,2,50.5,133.77,17.41,1
406,2,116,80.55,9.6,1
407,2,88.95,103.12,12.78,1
408,2,67.5,132.33,13.62,1
409,2,9,135.69,11.62,0
410,3,115.43,118.11,19.8,1
411,2,50,112.54,10.58,0
412,3,141.44,117.66,21.93,1
413,2,15.5,105.76,8.54,1
414,2,77.7,94,10.55,0
415,2,33.5,116.6,12.65,1
416,2,76,120.72,15.34,0
417,2,74.42,88.53,11.15,1
418,3,142.14,111.63,15.26,1
419,2,71.67,129.64,15.69,1
420,2,56,98.15,7.84,1
421,2,77.08,106.74,14.81,0
422,2,19,143.82,14.76,0
423,2,56.78,95.74,9.79,0
424,2,67.61,136.19,17.24,1
425,2,54.5,105.99,11.63,1
426,2,72.15,90.24,10.82,0
427,2,49.41,102.81,11.78,0
428,2,67.67,97.7,17.26,1
429,2,71.26,113.84,14,0
430,3,141.8,101.7,23.96,0
431,2,55.24,91.97,22.58,0
432,11,87.01,75.79,10.63,0
433,2,61.5,119.28,9.79,0
434,3,146.54,129.37,22.36,0
435,2,39.5,93.86,10.46,0
436,2,60,127.11,15.13,0
437,2,34.5,113.81,14.55,0
438,3,147.53,126.24,16.12,0
439,2,23.5,119.09,14.36,0
440,2,43.5,113.98,14.28,0
441,2,57,87.44,8.87,0
442,2,38.5,114.62,12.22,0
443,2,51.5,120.72,15.31,1
444,2,41,98,11.26,1
445,2,59.36,122.81,11.37,0
446,2,49,109.37,8.27,0
447,2,43.5,126.67,11.57,0
448,3,148.79,131.16,28.22,0
449,2,24,102.93,8.78,0
450,2,30,108.58,12.68,1
451,2,60,106.87,12.46,0
452,2,77.5,123.86,11.19,1
453,2,51.38,130.58,18.54,0
454,2,35,129.34,12.22,1
455,2,26.55,108.28,17.11,0
456,2,39,106.1,12.7,1
457,2,45.5,112.01,15.68,0
458,2,28.5,97.24,10.19,1
459,2,49,102.7,11.56,0
460,2,35.5,159.51,19.2,1
461,2,14.5,144,13.25,1
462,2,7,108.57,12.15,1
463,2,23,107.79,8.13,0
464,2,37,124.17,15.65,1
465,2,42.5,137.25,14.68,1
466,2,45.5,121.94,13.98,0
467,2,40.5,131.5,14.61,0
468,2,29.39,108.61,14.28,1
469,2,37,139.93,16.38,0
470,2,8.5,89.27,8.31,1
471,2,58,117.32,8.8,1
472,2,22.5,129.15,15.12,0
473,2,45.5,109.34,10.64,0
474,2,23,140.99,12.08,0
475,2,40.5,121.63,17.67,0
476,2,34,117.87,15.92,0
477,2,8.5,87.17,13.55,1
478,2,34,102.32,18.67,0
479,2,15.5,110.55,8.06,1
480,2,25.5,100.34,15.14,0
481,2,39,130.55,13.78,0
482,2,39.3,134.43,12.75,1
483,2,8.5,122.62,3.9,1
484,2,8.5,104,11.62,1
485,2,40.5,124.92,12.09,0
486,2,7,92.4,5.94,0
487,2,19,90.08,11.07,0
488,2,16.5,97.61,8.29,1
489,2,25,123.16,23.66,0
490,2,12,116.42,14.06,0
491,2,18.5,117.53,15.05,0
492,2,17,117.45,10.34,0
493,2,14.5,79.47,2.08,0
494,4,23.5,113.55,13.3,0
495,3,131.18,103.12,21.17,1
496,3,125.76,125.74,16.4,1
497,4,51.85,122,12.03,1
498,3,42,127.14,20.23,1
499,3,97,126.21,25.24,1
500,4,42.5,157.33,15.68,0
501,4,74.55,89.99,13.06,0
502,3,142.08,113.5,15.99,0
503,3,103.39,108.81,15.5,1
504,3,151.8,120.25,40.74,0
505,3,130,108.28,21.23,1
506,3,106.21,129.9,14.22,1
507,4,19,161.51,17.26,1
508,3,135.91,126.5,18.44,0
509,4,13,107.12,14.47,0
510,3,134.29,110.54,13.11,1
511,3,153.33,107.78,24.14,0
512,3,143.28,133.64,22.04,0
513,3,103,142.63,14.24,1
514,4,98,105.54,18.3,1
515,3,113.97,121,14.58,1
516,3,146.09,105.03,20.21,0
517,3,157,104.8,18.24,0
518,3,134,113.98,20.24,1
519,3,144,110.46,19.77,0
520,3,26.5,118.85,12.51,1
521,3,121,114.98,12.95,1
522,3,160.62,136.38,19.24,0
523,3,145.64,143.95,27.41,0
524,3,110,76.43,9.66,0
525,3,55.83,124.37,16.08,1
526,3,93.5,111.82,9.88,0
527,3,140.06,96.35,10.9,1
528,3,107,147.98,17.11,1
529,4,69.5,117.63,10.46,0
530,3,111.96,139.95,17.55,1
531,6,133.34,108.85,20.27,0
532,3,142.78,121.74,19.91,0
533,3,160.38,82.82,15.09,0
534,3,129.62,121.61,16.27,0
535,4,46.5,145.92,12.72,0
536,3,135.59,111.77,14.66,1
537,3,83.1,98.61,19.32,0
538,3,135.5,97.53,25.59,1
539,3,125.32,130.96,18.76,1
540,3,145.82,126.84,25.1,0
541,3,64.03,137.58,16.24,0
542,3,143.76,151.12,25.56,0
543,3,127.73,119.25,16.18,0
544,9,71,105.3,10.28,1
545,3,152.19,122.41,18.84,0
546,9,137,100.69,16.63,0
547,3,168.06,94.77,21.78,0
548,3,158.75,115.63,22.28,0
549,3,145.48,126.13,16.74,1
550,3,149.51,118.2,22.01,0
551,3,109.36,118.68,16.44,0
552,3,152.17,133.27,29.4,0
553,3,96.47,124.26,12.37,1
554,3,136.87,123.32,15.97,1
555,3,92.73,115.53,11.33,1
556,3,147.98,95.23,21.78,0
557,3,117.83,123.47,18.99,0
558,3,95.94,105.54,10.83,0
559,3,118,135.01,19.32,1
560,3,42.5,152.69,18.42,0
561,3,163.22,114.45,15.14,0
562,3,56,130.83,14.77,1
563,3,139.08,125.32,17.07,1
564,3,76.98,100.96,11.01,0
565,3,82.34,96.15,24.04,1
566,3,75.7,118.31,18.4,0
567,3,71,131.07,12.54,0
568,3,145.51,111.56,20.71,0
569,3,111.29,109.59,13.17,1
570,3,159.39,124.98,21.31,0
571,3,146.49,126.82,22.88,1
572,3,132,121.22,20.59,0
573,3,135.09,106.87,13.8,1
574,3,125.59,113.46,15.85,0
575,3,67,165.82,20.12,0
576,3,169.83,127.64,22.68,0
577,2,100.33,116.44,26.47,1
578,3,142.24,113.99,17.78,0
579,3,131,142.08,18.7,1
580,10,54.5,110.76,9.39,0
581,8,135.49,96.72,22.17,0
582,3,118,77.03,10.61,1
583,3,67.37,122.23,17.83,0
584,3,139.78,112.93,18.84,1
585,3,128.24,111.35,28.31,0
586,3,65.42,136.27,14.9,1
587,3,67.35,143.55,16.62,0
588,3,137.1,141.76,27.98,0
589,4,87.13,147.55,12.58,1
590,3,172.2,120.82,23.69,0
591,3,76.79,113.34,13.85,1
592,9,9.5,44.78,3.84,1
593,9,23,103.86,19.24,0
594,3,10.5,NA,NA,0
595,3,45.5,120.9,11.37,0
596,3,168.24,109.84,15.44,0
597,3,58.5,138.25,19.59,0
598,3,149.73,127.59,19.59,0
599,3,139.57,128.78,19.44,1
600,4,43,115.44,11.47,0
601,3,55.05,119.56,11.81,0
602,3,144,126.52,16.42,0
603,3,40,142.57,13.58,0
604,3,87.59,123.23,16.96,1
605,3,119.45,129.23,16.07,0
606,3,44,129.41,12.76,1
607,4,86.65,111.26,14.67,1
608,3,80.15,140.79,16.02,1
609,9,100.28,90.23,15.51,0
610,3,101.88,136.69,17.11,0
611,3,104.92,125.22,16.38,1
612,3,76.72,144.4,16.04,0
613,3,116.83,137.28,18.28,0
614,3,135.78,121.61,17.92,1
615,3,118.87,120.64,18.92,1
616,3,111.74,117.95,13.88,1
617,3,96.5,152.36,28.83,0
618,3,107.36,105.71,18.48,1
619,3,146.09,100.72,14.01,0
620,3,63.39,127.47,14.24,1
621,3,135.69,132.1,20.54,0
622,3,113.95,134.05,14.99,0
623,3,84.09,127.96,9.42,0
624,3,114.69,135.37,18.89,1
625,3,55,123.7,14.54,0
626,3,87.93,127.85,11.99,0
627,3,99,94.37,9.19,1
628,3,51.5,124.86,15.66,0
629,3,135,90.69,18.31,0
630,4,54.5,164,24.32,1
631,3,34.5,116.48,13.45,1
632,3,113,129.87,12.04,1
633,3,102.89,116.69,16.92,1
634,3,113,111.63,14.23,0
635,3,100.5,125.55,19.66,1
636,3,18,138.29,9.64,0
637,3,103.92,100.74,12.55,1
638,8,63.99,123.48,12.95,0
639,8,145.5,98.09,17.54,1
640,3,38,156.1,18.41,1
641,9,79.72,93.05,12.01,0
642,3,154.5,102.81,17.3,0
643,3,80.65,115.69,13.63,0
644,3,45.5,140.52,14.53,0
645,4,16.5,106.27,13.36,0
646,3,127.3,123.37,17.58,1
647,3,122.82,76.47,12.39,1
648,3,85.6,143.47,13.44,1
649,3,75.05,127.17,18.47,0
650,3,107.24,117.55,19.18,1
651,3,55.32,153.79,18.29,0
652,3,103.5,110.59,19.82,0
653,3,110,70.22,18.68,0
654,8,9.5,86.46,4.35,0
655,3,123.31,127.05,15.44,1
656,3,71.62,135.69,16.3,0
657,8,147.94,99.06,20.54,0
658,3,111.21,105.48,12.64,1
659,8,25.5,119.99,16.77,1
660,3,51,122.12,11.14,0
661,8,21,NA,NA,1
662,3,70.5,116.59,10.84,1
663,8,44.5,95.03,18.05,1
664,8,14,NA,NA,0
665,3,114.47,120.91,15.19,1
666,8,97.45,137.8,14.92,1
667,3,50.56,123.21,49.84,1
668,8,56,123.87,15.32,0
669,3,89.95,97.6,8.56,1
670,8,49.5,107.08,14.72,0
671,4,68.81,141.65,17.03,0
672,8,27,104.71,14.94,0
673,3,34.5,119.78,14.41,0
674,3,113.69,130.65,15.47,0
675,8,64,117.74,13.6,0
676,3,115,117.02,14.9,0
677,8,88.95,142.13,13.89,1
678,3,116.18,103.3,20.56,0
679,3,57.74,142.65,16.61,0
680,3,127.73,113.7,16.94,0
681,3,64.84,117.46,14.6,0
682,7,158.25,119.63,29.02,0
683,3,79.53,94.1,12.27,1
684,3,25.5,115.96,19.44,0
685,7,68.5,99.75,11.86,0
686,4,58.5,128.9,14.1,0
687,3,123.87,127.17,12.52,1
688,3,22.5,139.54,19.15,0
689,3,116.79,105.19,14.27,1
690,3,79,119.99,21.41,0
691,4,54.07,122.43,13.99,0
692,3,93,140.4,14.21,0
693,3,43,131.38,17.29,1
694,3,86.46,143.43,17.18,0
695,3,63,141.82,17.71,0
696,3,124.5,112.18,15.72,1
697,3,104.23,107.04,14.96,0
698,3,68.5,113.89,15.38,0
699,4,60,121.92,16.18,0
700,3,88.58,126.91,17.06,0
701,3,97.5,125.38,18.79,0
702,3,68.94,124.76,14.7,0
703,3,33,148.59,19.31,0
704,3,72,98.25,10.79,0
705,3,43,114.73,13.58,1
706,3,70,105.21,10.13,1
707,3,88.96,111.87,15.03,0
708,7,125.5,94.39,21.13,1
709,8,22.54,73.21,12.74,0
710,7,126.74,126.36,15.54,1
711,7,67.43,98.36,13.66,1
712,3,85.55,125.41,15.85,1
713,7,39,132.59,14.36,1
714,3,103,134.9,22.47,0
715,3,92,96.92,9.11,0
716,3,85.11,120.82,11.98,0
717,7,144.79,95.93,19.85,0
718,3,65,115.48,16.11,1
719,8,8.5,42.03,8.99,0
720,3,61,125.97,12.28,0
721,3,59.85,131.32,12.68,0
722,7,120.58,78.79,28.74,1
723,6,134,111.82,22.36,0
724,3,43,137.66,14.26,0
725,3,72,118.63,13.66,1
726,3,85.08,111.22,10.48,0
727,3,81.5,105.9,18.09,1
728,7,132.33,120.49,18.64,0
729,7,153.49,114.34,18.89,0
730,3,46.5,125.01,11.81,1
731,7,44.5,81.66,12.6,0
732,7,152.92,102.28,22.88,0
733,7,12,49.6,3.91,0
734,7,132.66,109.17,23.69,1
735,3,57.21,137.28,15,1
736,7,120.47,90.91,16.18,0
737,7,103,107.55,18.29,1
738,6,144,87.39,13.53,1
739,7,10.62,58.1,8.52,0
740,7,35.88,123.17,19.75,1
741,7,169.25,93.25,25.18,0
742,7,83.58,118.59,23.86,1
743,3,62.71,121.99,11.8,1
744,3,114.79,95.28,11.45,0
745,3,89.5,113.27,12.97,1
746,7,8.5,97.9,10.85,0
747,3,97.54,123.44,17.07,1
748,7,101,115.17,20.21,1
749,3,102.5,117.3,14.31,1
750,7,137.14,97.95,12.71,0
751,7,126.48,126.67,27.65,1
752,7,76.71,111.98,16.21,1
753,7,106.63,119.67,18.98,1
754,7,109.3,111.9,15.94,1
755,7,68,128.6,19.85,1
756,3,81.06,123.18,11.92,0
757,7,127.5,120.67,18.72,0
758,3,100,110.94,22.25,1
759,7,12.5,83.44,11.07,1
760,3,87.03,131.35,13,1
761,7,111.37,105.57,13.67,0
762,3,87.12,129.15,12.81,0
763,7,34,104.28,11.82,0
764,3,66.5,129.51,12.96,0
765,7,119.32,114.38,18.41,1
766,6,116.98,115.86,15.08,1
767,7,125.5,138.41,13.88,0
768,7,128.61,116.39,19.87,0
769,4,57.5,138.49,17.33,0
770,3,84.08,132.8,11.63,0
771,3,77.5,136.14,21.78,0
772,7,87,93.74,12.25,1
773,3,100.52,97.15,11.86,0
774,7,42.5,129.82,16.32,0
775,3,102.5,109.29,9.03,0
776,7,54.5,127.25,11.26,0
777,3,85.11,158.84,20.26,0
778,3,49.5,98.72,12.86,0
779,7,108.5,101.1,13.56,1
780,3,108.99,123.49,17.69,1
781,6,165.94,125.14,25.77,0
782,4,64.67,145.22,16.88,0
783,3,57,131.13,13.46,0
784,7,63.5,113.97,12.82,1
785,6,85.12,114.3,12.14,0
786,6,118.93,116.4,12.69,0
787,3,49.44,118.92,9.87,1
788,6,163.67,123.39,17.89,0
789,7,88.5,140.31,18.64,1
790,3,69.74,115.26,15.32,1
791,7,68.74,144.44,14.63,0
792,7,70,127.76,18.23,0
793,7,66.19,81.51,18.15,1
794,3,100.71,106.06,9.77,1
795,3,69.5,103.95,9.4,0
796,3,12,98.55,8.21,0
797,3,81.49,132.46,20.36,0
798,3,44.5,131.51,17.19,0
799,3,64.84,112.44,13.82,1
800,4,72.14,111.94,13.89,1
801,3,77,128.99,16.75,0
802,3,10.5,101.69,8.64,1
803,3,87.92,129.79,20.19,1
804,3,68.5,150.61,21.7,0
805,3,133.64,115.1,16.75,0
806,3,58.5,129.47,19.36,0
807,3,76.23,128.38,12.54,1
808,7,25.5,133.85,20.82,0
809,6,135.12,140.19,19.53,1
810,6,101.5,123.84,13.9,0
811,7,43.19,95.39,12.34,0
812,7,65.5,109.78,11.47,1
813,7,34.3,115.36,18.69,0
814,7,15,113.49,13.75,0
815,6,110.11,141.07,16.34,0
816,7,51.46,110.62,10.53,1
817,7,19,122.78,11.23,0
818,6,150,93.09,12.41,1
819,7,46.52,142.3,14.49,1
820,7,57.5,127.16,17.92,0
821,6,52,103.14,14.24,0
822,7,69.41,113.11,15.69,1
823,7,59.85,102.34,13.29,1
824,6,88,131.9,13.92,1
825,6,44,101.18,14.87,1
826,6,111.5,117.02,20.1,1
827,6,113.82,122.77,23.83,0
828,6,86.23,85.64,16.62,1
829,6,55.79,136.02,21.61,1
830,6,135.15,104.99,16.52,0
831,6,133.27,84.2,10.56,0
832,6,139.07,95.76,15.82,0
833,6,114.78,89.64,20.42,1
834,6,73.6,110.56,11.09,1
835,6,66.33,96.1,16.92,0
836,4,31.5,64.87,15.02,0
837,6,41.32,131.82,29.74,1
838,6,113.73,116.08,15.09,1
839,6,131,107.25,17.87,1
840,6,105.34,137.12,24,0
841,6,9.5,109.09,10.35,0
842,6,36,90.54,8.26,0
843,7,7.5,60.97,6.35,1
844,6,76.5,96.68,13.3,1
845,6,91.98,112.76,17.48,0
846,6,28.4,85.68,19.17,0
847,6,57.89,151.72,19.6,0
848,6,148.77,89.33,27.03,0
849,6,84.95,141.73,14.5,0
850,6,121.65,106.86,15.49,1
851,6,123.72,143.23,23.86,1
852,4,40.5,122.76,14.94,0
853,6,47.39,115.04,15.73,1
854,6,118.92,106.81,18.98,0
855,6,111.01,129,32.81,1
856,6,115.02,112.81,15.72,1
857,6,127.53,116.44,21.49,0
858,6,164.95,101.83,21.17,0
859,6,92.25,121.58,16.75,0
860,6,75,91.59,11.79,0
861,6,89.5,100.54,14.65,1
862,6,111.5,117.51,18.25,1
863,6,130.53,127.39,17.94,0
864,6,145.22,100.43,14.78,0
865,6,131.18,108.81,22.39,0
866,6,150.77,78.78,16.68,0
867,6,81.14,138.07,17.87,1
868,6,134,133.74,19.17,0
869,6,123.41,87.24,19.71,1
870,6,40,105.63,7.56,1
871,6,111.89,102.77,15.68,0
872,6,92.16,132.65,14.97,0
873,4,10,115.08,8.63,0
874,6,134.41,140.92,20.26,0
875,6,16,NA,NA,0
876,6,153.21,109.87,14.63,0
877,6,105.94,116.95,11.93,0
878,6,84,100.83,11.25,0
879,6,13,NA,NA,1
880,6,134.79,102.22,15.29,1
881,6,109.57,115.47,17.78,0
882,6,103.35,120.23,18.91,1
883,6,131.63,138.61,22.11,1
884,6,22,108.71,12.32,0
885,6,24,115.29,14.76,1
886,6,37.64,87.56,15.83,1
887,6,132.5,129.24,12.74,1
888,6,34.5,125.53,15.14,0
889,6,80.64,124.75,10.84,0
890,6,101,101.59,19,0
891,6,99.7,93.11,15.15,1
892,6,31,136.64,14.65,0
893,6,69,84.44,10.08,1
894,6,70.6,107.96,14.25,1
895,6,119.5,108.41,13.25,1
896,6,30,123.47,15.3,0
897,6,124.65,116.4,14.71,1
898,6,68,122.05,17.27,1
899,6,26.5,98.88,12.19,0
900,4,12,124.13,8.37,1
901,6,61.06,98.31,18.43,1
902,6,67.5,130.37,15.36,1
903,5,138.28,131.76,21.81,0
904,4,62.5,137.31,19.71,1
905,6,91,117.43,12.48,0
906,4,17,148.22,21.06,0
907,6,37.5,117.02,13.08,1
908,6,62.5,106.33,9.58,0
909,6,69.5,113.06,14.46,1
910,5,137.05,135.81,18.5,1
911,5,136.26,83.25,16.39,0
912,5,112.97,117.76,14.82,1
913,6,24,106.56,12.73,0
914,5,93,127.52,14.5,1
915,6,11,115.71,15.47,0
916,5,154,108.65,23.33,0
917,6,22,55.11,8.35,1
918,4,81.14,95.89,8.73,0
919,5,156.69,106.34,13.8,0
920,5,99.8,104.09,18.47,1
921,6,50,141.57,13.54,1
922,6,49.5,118.25,10.56,0
923,6,61,106.5,19.14,0
924,5,173.18,89.64,15.68,1
925,5,70.26,124.88,12.15,0
926,6,58.56,124.82,19.06,0
927,5,152.5,138.48,25.33,0
928,6,42.82,120.64,17.86,0
929,5,155.61,104.24,18.71,0
930,5,78.52,98.09,12.62,1
931,6,45,121.59,15.97,0
932,6,33.5,134.87,15.64,1
933,5,142.42,98.92,15.3,1
934,5,30.63,97.89,13.82,0
935,6,15,121.64,14.54,0
936,5,45.96,134.79,22.13,1
937,5,115.85,106.23,14.43,1
938,6,7,116,5.2,0
939,5,108,115.51,17.49,0
940,5,135.13,108.58,24.85,0
941,6,13.5,116.26,12.39,1
942,6,53,121.33,13.88,0
943,5,56.76,132.7,13.7,1
944,5,117.5,107.79,15.22,0
945,5,28,64.75,4.8,0
946,5,133.92,100.76,12.2,1
947,6,15.5,99.21,29.17,0
948,5,87.66,100.65,15.3,0
949,5,147.76,102.33,21.55,0
950,5,83.03,152.26,12.82,0
951,5,104.88,122.43,14.06,1
952,5,111.85,131.85,20.33,1
953,5,68.25,105.57,11.36,1
954,5,45.5,132.05,14.78,0
955,6,11.5,98.86,8.26,0
956,5,122.31,136.41,18.06,0
957,5,142.77,106.91,17.45,0
958,5,118.78,107.14,16.89,0
959,5,115.53,107.89,24.63,1
960,5,11,63.65,6.17,1
961,5,15,65.88,10.33,1
962,5,117.16,129.71,14.22,1
963,5,56.16,135.59,17.72,0
964,5,116,51.04,5.94,1
965,5,30.35,104.67,16.12,1
966,5,67.63,121.76,12.62,1
967,5,102.26,116.92,15.35,1
968,5,124.66,95.51,17.61,0
969,5,148.49,103.59,22.21,0
970,5,23,76.17,16.47,0
971,5,166.59,105.87,21.56,0
972,5,50,129.97,11.18,1
973,5,135.81,103.05,20.86,1
974,5,145.49,111.44,19.89,0
975,5,127.5,119.63,13.48,1
976,5,45.5,143.38,9.16,1
977,5,90.94,139.03,19.44,1
978,5,81.39,136.59,16.87,0
979,5,117.17,116.49,20.1,1
980,4,119.81,102.14,12.64,1
981,3,136.61,97.07,20.23,0
982,5,35.5,115.22,14.4,0
983,5,152.97,90.39,18.86,0
984,5,91.38,116.83,13.36,0
985,5,26.5,116.49,9.6,1
986,5,146.4,93.68,27.46,0
987,5,151.04,93.05,24.64,0
988,5,94.1,128.24,15.65,1
989,5,73.95,110.39,16.92,1
990,5,95.6,112.03,13.19,0
991,6,7.5,107.45,7.58,0
992,5,132.18,114.37,14,1
993,5,79.66,148.08,11.33,1
994,5,26.5,107.48,17.3,1
995,5,83.14,116.1,16.77,1
996,5,70.09,99.43,17.27,0
997,5,57.92,158.15,17.47,1
998,4,170.1,95.03,28.64,0
999,5,57.72,118.05,13.43,0
1000,5,70.5,118.27,11.84,0
1001,5,105.17,84.31,11.94,1
1002,4,196.62,107.76,9.52,1
1003,5,110.86,91.83,14.4,1
1004,5,56.5,139.15,13.49,0
1005,5,95.4,113.21,21.53,0
1006,5,76,140.68,14.35,0
1007,5,60,103.6,18.11,0
1008,5,21,113.33,16.71,0
1009,5,129.35,140.68,19.8,1
1010,5,92.97,134.35,12.36,1
1011,5,82.06,101.04,12.33,0
1012,5,49.44,121.73,11.4,0
1013,5,105.75,110.26,18.01,0
1014,5,126.04,123.12,19.48,0
1015,5,85.63,123.85,15.01,1
1016,5,68.5,106.12,15.14,1
1017,5,59.5,120.2,15.28,1
1018,5,87.12,121.65,14.43,1
1019,5,90.96,93.57,15.43,1
1020,5,9,125.36,15.57,1
1021,5,60,159.97,18.92,1
1022,5,107.5,124.75,18.02,0
1023,5,102.5,137.43,18.15,1
1024,5,7,58.9,2.86,0
1025,5,67.74,99.5,11.51,0
1026,5,73.65,94.14,19.91,1
1027,5,68.16,132.41,14.27,0
1028,4,67.5,117.61,12.9,0
1029,5,72,147.46,18.63,1
1030,5,143,107.08,19.22,0
1031,5,43.69,102.57,12.62,0
1032,5,69.54,106.67,11.64,1
1033,5,117.06,96.15,16.29,1
1034,5,59,141.48,17.31,0
1035,5,88.06,133.06,15.57,0
1036,5,30.5,122.82,17.36,0
1037,5,9,104.2,12.62,0
1038,5,11,106.1,6.64,0
1039,4,155.93,106.97,18.51,0
1040,5,94.85,109.67,12.44,0
1041,5,38.5,143.9,15.96,0
1042,5,105.37,118.23,14.94,1
1043,5,87.56,130.2,18.55,1
1044,5,46.91,122.47,11.57,0
1045,5,76.72,122.16,19.79,0
1046,5,61.5,129.02,21.54,1
1047,5,94,147.93,13.73,1
1048,5,67.16,122.66,18.84,0
1049,5,94.5,108.28,19.96,0
1050,5,62.46,129.68,17.87,1
1051,5,79.5,123.54,14.47,1
1052,5,6.5,37.35,9.26,1
1053,5,37,152.44,17.13,0
1054,7,42.37,121.08,19,1
1055,4,85,106.75,12.33,0
1056,5,67,107.89,15.56,0
1057,5,90.43,99.33,14.3,1
1058,5,56.5,122.21,12.48,1
1059,5,84.57,147.3,16.51,0
1060,5,46,123.95,12.78,1
1061,5,75,120.9,17.93,1
1062,5,72,135.58,15.93,1
1063,5,33.5,111.92,14.08,0
1064,5,75.69,99.56,13.02,1
1065,5,103,111,15.93,1
1066,5,8.5,NA,NA,1
1067,5,50.38,127.36,17.36,0
1068,5,38.15,100.1,14.92,1
1069,5,53,113.47,14.68,1
1070,5,15,148.97,9.66,0
1071,4,34.28,110.76,10.08,0
1072,5,24.5,140.59,17.84,1
1073,5,54.13,128.08,17.51,0
1074,4,107.08,148.64,20.78,0
1075,5,69.27,143.79,16.14,1
1076,5,91,116.4,10.91,1
1077,5,61,110.23,11.75,1
1078,5,55,116.41,12.12,0
1079,5,44.5,136.39,14.27,1
1080,4,144.04,110.03,17.06,1
1081,4,88,119.86,20.18,1
1082,5,64.79,124.57,17.62,0
1083,5,43.2,111.72,14.05,1
1084,4,131.13,98.8,13.73,1
1085,5,70.03,93.86,8.59,0
1086,4,66.5,146.33,18.02,0
1087,5,45,139.66,14.86,1
1088,4,127.73,112.96,12.72,1
1089,5,94.97,90.07,8.32,0
1090,5,59.5,126.62,10.97,1
1091,5,58.5,129.53,13.15,1
1092,5,71.5,82.74,13.42,0
1093,5,63.81,131.34,14.36,0
1094,5,16.5,113.78,14.6,1
1095,5,78.53,99.1,18.08,1
1096,4,52.5,100.64,13.81,1
1097,4,126.31,116.48,20.74,1
1098,5,37,115.55,16.92,0
1099,5,76.22,124.22,18.3,0
1100,4,150.35,105.14,26,0
1101,5,10,71.89,12.32,1
1102,4,145.55,98,15.11,1
1103,5,16.25,77.31,9.61,1
1104,4,80.5,137.64,13.28,0
1105,4,118.59,118.53,13.96,0
1106,4,140.79,119.09,23.4,1
1107,4,72.94,85.35,16.04,0
1108,4,132.83,107.48,12.56,1
1109,4,145.34,112.37,24.42,0
1110,5,58,115.79,9.49,0
1111,4,25.5,106.59,20.5,0
1112,4,127.5,119.56,17.22,0
1113,4,153.47,146.37,18.65,0
1114,5,11.5,111.39,16.18,1
1115,4,11,52.49,14.55,1
1116,4,39.27,108.01,14.56,0
1117,4,151.2,109.18,29.8,0
1118,4,148.49,122.97,20.11,0
1119,4,134.94,113.12,19.39,0
1120,4,149,111.76,21.75,1
1121,4,121.32,126.57,16.32,1
1122,4,110.5,101.19,14.41,1
1123,4,144.07,116.46,19.68,0
1124,4,158.29,95.55,16.47,0
1125,4,6.5,52.4,NA,1
1126,4,145.54,99.15,23.61,1
1127,4,123.81,104.66,16.31,1
1128,4,163.76,122.61,23.43,0
1129,4,157.69,102.44,17.66,0
1130,4,148.99,104.83,18.36,0
1131,4,69.5,122.08,10.66,1
1132,4,113.84,110.4,20.96,1
1133,4,123.03,116.76,14.97,0
1134,4,129.35,122.77,19.28,0
1135,4,141.77,106.99,25,0
1136,4,56.2,113.97,20.59,1
1137,4,124.9,109.93,13.16,0
1138,4,154.51,73.04,18.79,0
1139,4,163.46,147.49,31.04,0
1140,3,149.88,112.84,24.15,0
1141,4,154.75,102.97,22.93,0
1142,5,13.5,97.08,18.32,1
1143,4,12.64,94.55,21.17,0
1144,4,140.06,155.29,24.25,1
1145,4,55.4,109.35,11.07,0
1146,4,132,116.63,16.65,1
1147,4,128.6,125.84,17.33,1
1148,4,12,19.32,5.79,0
1149,4,111,134.17,17.75,1
1150,4,71.52,99.22,20.49,0
1151,4,55.5,136.22,16.31,1
1152,4,131.63,111.63,14.08,1
1153,4,167.81,118.51,21.66,0
1154,4,134.65,119.57,14.83,1
1155,4,155.52,82.46,15.4,0
1156,4,75.5,118.73,12.89,1
1157,4,131,138.56,21.85,0
1158,4,117,136.55,18.14,1
1159,4,32.5,123.36,19.82,0
1160,4,107.6,91.54,18.19,0
1161,4,118.17,126.55,25.14,1
1162,4,126.5,118.07,11.56,1
1163,4,125.63,111.31,21.55,1
1164,4,118.38,124.99,16.65,1
1165,4,140.92,124.11,18.24,1
1166,4,140.71,98.39,18.64,0
1167,4,127.33,130.89,19.23,1
1168,4,85,160.15,14.6,0
1169,4,161.12,138.9,15.49,0
1170,4,89.91,142.72,19.37,0
1171,4,88.45,135.57,15.33,1
1172,4,65.5,121.7,21.42,1
1173,4,118.52,79.23,12.23,1
1174,4,125.81,133.92,20.93,1
1175,4,95.68,107.98,14.83,1
1176,4,133.32,131.33,18.64,1
1177,4,91.34,130.88,14.66,0
1178,4,136.5,127.32,21.66,1
1179,4,95.42,114.94,25.18,0
1180,4,130.5,129.99,18.42,0
1181,4,152.89,103.57,18.21,1
1182,4,72.58,67.52,5.77,0
1183,4,92.8,136.04,14.43,0
1184,4,110.71,133.31,16.76,1
1185,4,175,116.7,14.35,0
1186,4,12.5,106.95,17.32,0
1187,4,105.37,99.68,11.24,0
1188,4,152.34,120.55,26.16,0
1189,4,62.37,115.14,12.61,0
1190,4,162.34,116.22,18.14,0
1191,4,156.24,100.92,24.86,0
1192,4,167.44,118.98,19.34,0
1193,4,87.01,106.78,12.14,1
1194,4,113.18,128.72,15.53,0
1195,4,78.69,122.86,20.17,1
1196,4,104,131.69,19,0
1197,4,105.5,120.01,14.66,0
1198,4,144,131.7,30.69,1
1199,4,63.5,128.17,15.66,1
1200,4,36.5,124.46,12.83,1
1201,4,84.56,87.78,9.42,1
1202,4,112.85,133.3,15.66,0
1203,4,127.18,100.23,13.32,1
1204,4,138.84,124.62,23.38,1
1205,4,112.85,114.94,14.38,1
1206,4,147.66,97.52,23.49,0
1207,4,93.5,143.86,14.75,0
1208,4,101.5,116,11.32,1
1209,4,126.57,148.21,19.88,1
1210,4,84,127.51,14.79,1
1211,4,141.5,108.36,13.68,1
1212,4,157.5,125.25,20.43,0
1213,4,138.79,126.3,23.69,1
1214,4,89,123.08,17.04,1
1215,4,130.1,102.14,23.9,1
1216,4,107.24,117.96,17.99,1
1217,4,103.5,135.7,16.05,1
1218,4,45.5,149.97,15.4,0
1219,4,77.5,133.73,15.52,0
1220,4,147.78,114.53,16.66,0
1221,4,50,137.7,18.99,1
1222,4,85.63,93.41,10.12,0
1223,4,10,86.58,15.08,0
1224,4,102.28,129.9,17.49,1
1225,4,56.59,134.59,14.28,1
1226,4,78.5,127.13,10.71,0
1227,4,45.46,136.63,14.53,0
1228,4,32,88.86,11.85,0
1229,4,63.64,131.38,14.94,1
1230,4,84,124.91,14.38,1
1231,4,61.08,142.84,26.72,1
1232,4,92.5,120.49,12.49,1
1233,4,36.5,126.87,16.71,0
1234,4,107.2,114.51,28.85,1
1235,4,104.87,129.36,20.71,1
1236,4,39,146.19,17.99,1
1237,4,42.54,141.27,14.42,1
1238,4,67.79,121.04,14.2,0
1239,4,116.33,115.83,19.13,1
1240,4,78.53,123.34,16.63,1
1241,4,156.65,115.07,23.02,0
1242,4,118.17,132.65,20.09,1
1243,4,53.32,119.37,12.07,0
1244,4,117.44,133.63,32.48,0
1245,4,74.78,144.85,16.86,0
1246,4,75.5,120.81,14,1
1247,4,77,124.54,15.73,0
1248,4,81.14,138.17,18.73,1
1249,4,76,148.75,17.76,1
1250,4,35,142.77,17.12,0
1251,4,88.04,108.25,13.46,0
1252,4,68.16,97.65,8.63,0
1253,4,88.46,111.23,11.17,0
1254,4,73.5,98.64,10.7,0
1255,4,65.5,95.14,11.38,0
1256,4,52.1,82.48,9.25,0
1257,4,109.86,132.83,22.19,1
1258,4,72.4,115.01,15.24,1
1259,4,81,119.5,13.91,0
1260,4,90,113.54,14.14,0
1261,4,66.28,124.51,12.34,1
1262,4,12.5,128.22,5.97,1
1263,4,88,137.84,11.45,1
1264,4,70.57,96.3,9.65,1
1265,4,58,128.13,15.39,0
1266,4,18,96.7,NA,0
1267,4,10.5,114.49,15.69,0
1268,4,17.5,148.92,14.96,1
1269,4,103,118.43,20.18,1
1270,4,59.5,116.85,14.08,0
1271,4,44.5,125.94,20.58,1
1272,4,80.58,145.33,14.42,1
1273,4,64.37,121.75,14.76,0
1274,4,41,154.61,17.06,0
1275,3,167.38,94.81,13.87,0
1276,4,26,136.89,20.53,0
1277,4,11,108.68,8.7,1
1278,4,70.08,118.03,13.06,1
1279,4,49.5,103.17,11.28,1
1280,4,89.57,147.01,14.69,0
1281,4,35,138.51,21.12,0
